<?xml version="1.0" encoding="UTF-8"?>
<feature
        id="org.jkiss.dbeaver.runtime.feature"
        label="%featureName"
        version="7.2.0.202010200749"
        provider-name="%providerName"
        plugin="org.jkiss.dbeaver.model">

    <description>
        %description
    </description>

    <copyright>
        %copyright
    </copyright>

    <license url="%licenseURL">
        %license
    </license>

    <requires>
        <import plugin="org.eclipse.core.runtime"/>
        <import plugin="org.eclipse.core.resources"/>
        <import plugin="org.eclipse.core.expressions"/>
    </requires>

    <plugin id="org.jkiss.utils" download-size="80" install-size="158" version="2.1.123.202010200749" unpack="false"/>
    <plugin id="org.jkiss.dbeaver.slf4j" download-size="3" install-size="8" version="2.0.10.202010200749" unpack="false"/>
    <plugin id="org.jkiss.dbeaver.model" download-size="1587" install-size="3341" version="1.0.129.202010200749" unpack="false"/>
    <plugin id="org.jkiss.dbeaver.model.sql" download-size="210" install-size="428" version="1.0.30.202010200749" unpack="false"/>
    <plugin id="org.jkiss.dbeaver.registry" download-size="372" install-size="862" version="1.0.34.202010200749" unpack="false"/>
    <plugin id="org.jkiss.dbeaver.net.ssh" download-size="118" install-size="146" version="1.0.61.202010200749" unpack="false"/>
    <plugin id="org.jkiss.dbeaver.net.ssh.jsch" download-size="10" install-size="17" version="1.1.50.202010200749" unpack="false"/>
    <plugin id="org.jkiss.dbeaver.cmp.simple" download-size="19" install-size="35" version="6.0.36.202010200749" unpack="false"/>
    <plugin id="org.jkiss.dbeaver.data.transfer" download-size="253" install-size="637" version="2.0.24.202010200749" unpack="false"/>
    <plugin id="org.jkiss.dbeaver.tasks.native" download-size="26" install-size="52" version="1.0.18.202010200749" unpack="false"/>

    <!-- GIS -->
    <plugin id="org.jkiss.dbeaver.data.gis" download-size="23" install-size="43" version="1.0.64.202010200749" unpack="false"/>
    <plugin id="org.jkiss.bundle.gis" download-size="1373" install-size="1512" version="2.0.3" unpack="false"/>

    <!-- 3rd party -->
    <plugin id="com.github.jsqlparser" download-size="522" install-size="1246" version="3.2.0" unpack="false"/>
    <plugin id="org.apache.commons.jexl" download-size="388" install-size="840" version="3.1.0" unpack="false"/>
    <plugin id="net.sf.opencsv" download-size="19" install-size="37" version="2.3.0" unpack="false"/>
    <plugin id="com.google.gson" download-size="253" install-size="507" version="2.8.2.v20180104-1110"/>
    <plugin id="com.jcraft.jsch" download-size="297" install-size="539" version="0.1.55.v20190404-1902"/>
    <plugin id="com.sun.jna" download-size="1432" install-size="3897" version="4.5.1.v20190425-1842"/>
    <plugin id="com.sun.jna.platform" download-size="1167" install-size="2368" version="4.5.1.v20190425-1842"/>

</feature>
